[{"model": "eventos_deportivos.estadisticasjugador", "pk": 1, "fields": {"partidos_jugados": 62, "goles": 50, "asistencias": 8, "tarjetas": 18}}, {"model": "eventos_deportivos.estadisticasjugador", "pk": 2, "fields": {"partidos_jugados": 23, "goles": 15, "asistencias": 29, "tarjetas": 3}}, {"model": "eventos_deportivos.estadisticasjugador", "pk": 3, "fields": {"partidos_jugados": 59, "goles": 42, "asistencias": 31, "tarjetas": 2}}, {"model": "eventos_deportivos.estadisticasjugador", "pk": 4, "fields": {"partidos_jugados": 78, "goles": 46, "asistencias": 15, "tarjetas": 17}}, {"model": "eventos_deportivos.estadisticasjugador", "pk": 5, "fields": {"partidos_jugados": 27, "goles": 44, "asistencias": 17, "tarjetas": 20}}, {"model": "eventos_deportivos.estadisticasjugador", "pk": 6, "fields": {"partidos_jugados": 0, "goles": 44, "asistencias": 10, "tarjetas": 4}}, {"model": "eventos_deportivos.estadisticasjugador", "pk": 7, "fields": {"partidos_jugados": 85, "goles": 34, "asistencias": 31, "tarjetas": 19}}, {"model": "eventos_deportivos.estadisticasjugador", "pk": 8, "fields": {"partidos_jugados": 16, "goles": 36, "asistencias": 7, "tarjetas": 0}}, {"model": "eventos_deportivos.estadisticasjugador", "pk": 9, "fields": {"partidos_jugados": 98, "goles": 43, "asistencias": 4, "tarjetas": 14}}, {"model": "eventos_deportivos.estadisticasjugador", "pk": 10, "fields": {"partidos_jugados": 20, "goles": 23, "asistencias": 5, "tarjetas": 19}}, {"model": "eventos_deportivos.estadisticasjugador", "pk": 11, "fields": {"partidos_jugados": 82, "goles": 7, "asistencias": 1, "tarjetas": 0}}, {"model": "eventos_deportivos.estadisticasjugador", "pk": 12, "fields": {"partidos_jugados": 92, "goles": 39, "asistencias": 45, "tarjetas": 11}}, {"model": "eventos_deportivos.estadisticasjugador", "pk": 13, "fields": {"partidos_jugados": 30, "goles": 5, "asistencias": 31, "tarjetas": 13}}, {"model": "eventos_deportivos.estadisticasjugador", "pk": 14, "fields": {"partidos_jugados": 75, "goles": 46, "asistencias": 9, "tarjetas": 18}}, {"model": "eventos_deportivos.estadisticasjugador", "pk": 15, "fields": {"partidos_jugados": 88, "goles": 12, "asistencias": 28, "tarjetas": 10}}, {"model": "eventos_deportivos.estadisticasjugador", "pk": 16, "fields": {"partidos_jugados": 2, "goles": 39, "asistencias": 45, "tarjetas": 9}}, {"model": "eventos_deportivos.estadisticasjugador", "pk": 17, "fields": {"partidos_jugados": 26, "goles": 3, "asistencias": 11, "tarjetas": 4}}, {"model": "eventos_deportivos.estadisticasjugador", "pk": 18, "fields": {"partidos_jugados": 53, "goles": 30, "asistencias": 45, "tarjetas": 17}}, {"model": "eventos_deportivos.estadisticasjugador", "pk": 19, "fields": {"partidos_jugados": 91, "goles": 7, "asistencias": 20, "tarjetas": 5}}, {"model": "eventos_deportivos.estadisticasjugador", "pk": 20, "fields": {"partidos_jugados": 69, "goles": 11, "asistencias": 44, "tarjetas": 16}}, {"model": "eventos_deportivos.jugador", "pk": 1, "fields": {"nombre": "Denise", "apellido": "Garza", "fecha_nacimiento": "1995-06-21", "posicion": "DEL", "estadisticas": 1}}, {"model": "eventos_deportivos.jugador", "pk": 2, "fields": {"nombre": "Lisa", "apellido": "Callahan", "fecha_nacimiento": "2006-12-07", "posicion": "DEF", "estadisticas": 2}}, {"model": "eventos_deportivos.jugador", "pk": 3, "fields": {"nombre": "Brooke", "apellido": "Brooks", "fecha_nacimiento": "2001-04-27", "posicion": "DEL", "estadisticas": 3}}, {"model": "eventos_deportivos.jugador", "pk": 4, "fields": {"nombre": "Corey", "apellido": "Allen", "fecha_nacimiento": "1989-02-22", "posicion": "MED", "estadisticas": 4}}, {"model": "eventos_deportivos.jugador", "pk": 5, "fields": {"nombre": "Ashley", "apellido": "Potts", "fecha_nacimiento": "1991-07-22", "posicion": "MED", "estadisticas": 5}}, {"model": "eventos_deportivos.jugador", "pk": 6, "fields": {"nombre": "Ricardo", "apellido": "Zavala", "fecha_nacimiento": "2001-07-30", "posicion": "DEF", "estadisticas": 6}}, {"model": "eventos_deportivos.jugador", "pk": 7, "fields": {"nombre": "Aaron", "apellido": "Johnson", "fecha_nacimiento": "2005-12-13", "posicion": "DEL", "estadisticas": 7}}, {"model": "eventos_deportivos.jugador", "pk": 8, "fields": {"nombre": "Rachel", "apellido": "Love", "fecha_nacimiento": "1998-11-21", "posicion": "POR", "estadisticas": 8}}, {"model": "eventos_deportivos.jugador", "pk": 9, "fields": {"nombre": "Parker", "apellido": "Howard", "fecha_nacimiento": "1989-10-24", "posicion": "MED", "estadisticas": 9}}, {"model": "eventos_deportivos.jugador", "pk": 10, "fields": {"nombre": "Michael", "apellido": "Sanchez", "fecha_nacimiento": "2007-03-27", "posicion": "MED", "estadisticas": 10}}, {"model": "eventos_deportivos.jugador", "pk": 11, "fields": {"nombre": "Jeanette", "apellido": "Gibson", "fecha_nacimiento": "2005-10-16", "posicion": "POR", "estadisticas": 11}}, {"model": "eventos_deportivos.jugador", "pk": 12, "fields": {"nombre": "Mark", "apellido": "Wong", "fecha_nacimiento": "2000-01-10", "posicion": "DEL", "estadisticas": 12}}, {"model": "eventos_deportivos.jugador", "pk": 13, "fields": {"nombre": "James", "apellido": "Holmes", "fecha_nacimiento": "1997-05-02", "posicion": "POR", "estadisticas": 13}}, {"model": "eventos_deportivos.jugador", "pk": 14, "fields": {"nombre": "Nicole", "apellido": "Moon", "fecha_nacimiento": "1995-11-08", "posicion": "MED", "estadisticas": 14}}, {"model": "eventos_deportivos.jugador", "pk": 15, "fields": {"nombre": "Jared", "apellido": "Wolfe", "fecha_nacimiento": "2000-02-13", "posicion": "DEL", "estadisticas": 15}}, {"model": "eventos_deportivos.jugador", "pk": 16, "fields": {"nombre": "Brandon", "apellido": "Rodriguez", "fecha_nacimiento": "1993-04-11", "posicion": "DEL", "estadisticas": 16}}, {"model": "eventos_deportivos.jugador", "pk": 17, "fields": {"nombre": "Lindsay", "apellido": "Obrien", "fecha_nacimiento": "1987-07-21", "posicion": "DEF", "estadisticas": 17}}, {"model": "eventos_deportivos.jugador", "pk": 18, "fields": {"nombre": "Jonathan", "apellido": "Simmons", "fecha_nacimiento": "1995-08-22", "posicion": "POR", "estadisticas": 18}}, {"model": "eventos_deportivos.jugador", "pk": 19, "fields": {"nombre": "Justin", "apellido": "Vasquez", "fecha_nacimiento": "1989-06-06", "posicion": "POR", "estadisticas": 19}}, {"model": "eventos_deportivos.jugador", "pk": 20, "fields": {"nombre": "Gina", "apellido": "Pitts", "fecha_nacimiento": "1987-06-25", "posicion": "POR", "estadisticas": 20}}, {"model": "eventos_deportivos.equipo", "pk": 1, "fields": {"nombre": "Bradford, Villanueva and Newton", "ciudad": "North Michael", "fundacion": "2001-06-06", "activo": false}}, {"model": "eventos_deportivos.equipo", "pk": 2, "fields": {"nombre": "Phillips, Richardson and Cooper", "ciudad": "Gabrielleton", "fundacion": "1985-04-26", "activo": true}}, {"model": "eventos_deportivos.equipo", "pk": 3, "fields": {"nombre": "Young, Cruz and Donovan", "ciudad": "Baileybury", "fundacion": "2000-10-03", "activo": false}}, {"model": "eventos_deportivos.equipo", "pk": 4, "fields": {"nombre": "Moore, Fernandez and White", "ciudad": "North Scottview", "fundacion": "1993-12-02", "activo": false}}, {"model": "eventos_deportivos.equipo", "pk": 5, "fields": {"nombre": "Martin, Garrison and Jones", "ciudad": "West Connor", "fundacion": "2008-03-02", "activo": false}}, {"model": "eventos_deportivos.equipo", "pk": 6, "fields": {"nombre": "Vang, Bowman and Smith", "ciudad": "Myersfort", "fundacion": "2022-12-09", "activo": false}}, {"model": "eventos_deportivos.equipo", "pk": 7, "fields": {"nombre": "Mcfarland and Sons", "ciudad": "Deannaview", "fundacion": "2005-04-20", "activo": true}}, {"model": "eventos_deportivos.equipo", "pk": 8, "fields": {"nombre": "Macdonald, Gardner and Collins", "ciudad": "Lake Nicolestad", "fundacion": "2019-12-22", "activo": true}}, {"model": "eventos_deportivos.equipo", "pk": 9, "fields": {"nombre": "Taylor-Thompson", "ciudad": "West Donald", "fundacion": "1981-06-29", "activo": true}}, {"model": "eventos_deportivos.equipo", "pk": 10, "fields": {"nombre": "Jones, Graham and Matthews", "ciudad": "Carolstad", "fundacion": "1987-12-26", "activo": false}}, {"model": "eventos_deportivos.equipo", "pk": 11, "fields": {"nombre": "Barrett LLC", "ciudad": "Reeveschester", "fundacion": "2018-03-01", "activo": false}}, {"model": "eventos_deportivos.equipo", "pk": 12, "fields": {"nombre": "Wood, Price and Robbins", "ciudad": "Smithchester", "fundacion": "2014-08-20", "activo": true}}, {"model": "eventos_deportivos.equipo", "pk": 13, "fields": {"nombre": "Garcia-Gonzalez", "ciudad": "North Benjamin", "fundacion": "2012-09-29", "activo": true}}, {"model": "eventos_deportivos.equipo", "pk": 14, "fields": {"nombre": "Cox, Lopez and Morse", "ciudad": "Maxwellfort", "fundacion": "1977-01-14", "activo": true}}, {"model": "eventos_deportivos.equipo", "pk": 15, "fields": {"nombre": "Weber, Miller and Roberts", "ciudad": "North Ashleystad", "fundacion": "1988-11-17", "activo": false}}, {"model": "eventos_deportivos.equipo", "pk": 16, "fields": {"nombre": "Jackson-Smith", "ciudad": "New Debbie", "fundacion": "1986-08-31", "activo": true}}, {"model": "eventos_deportivos.equipo", "pk": 17, "fields": {"nombre": "Huffman and Sons", "ciudad": "West Courtney", "fundacion": "2024-08-28", "activo": true}}, {"model": "eventos_deportivos.equipo", "pk": 18, "fields": {"nombre": "Dennis PLC", "ciudad": "Lake Danielle", "fundacion": "2008-02-22", "activo": false}}, {"model": "eventos_deportivos.equipo", "pk": 19, "fields": {"nombre": "Peterson-Mccarty", "ciudad": "Rickyfort", "fundacion": "2024-01-05", "activo": false}}, {"model": "eventos_deportivos.equipo", "pk": 20, "fields": {"nombre": "Francis-Stewart", "ciudad": "North Carmen", "fundacion": "1990-04-20", "activo": false}}, {"model": "eventos_deportivos.equipojugador", "pk": 1, "fields": {"jugador": 1, "equipo": 10, "fecha_ingreso": "2021-08-23", "capitan": true}}, {"model": "eventos_deportivos.equipojugador", "pk": 2, "fields": {"jugador": 2, "equipo": 10, "fecha_ingreso": "2022-12-13", "capitan": false}}, {"model": "eventos_deportivos.equipojugador", "pk": 3, "fields": {"jugador": 3, "equipo": 5, "fecha_ingreso": "2022-04-17", "capitan": false}}, {"model": "eventos_deportivos.equipojugador", "pk": 4, "fields": {"jugador": 4, "equipo": 7, "fecha_ingreso": "2025-04-11", "capitan": false}}, {"model": "eventos_deportivos.equipojugador", "pk": 5, "fields": {"jugador": 5, "equipo": 9, "fecha_ingreso": "2021-11-21", "capitan": false}}, {"model": "eventos_deportivos.equipojugador", "pk": 6, "fields": {"jugador": 6, "equipo": 8, "fecha_ingreso": "2022-07-02", "capitan": true}}, {"model": "eventos_deportivos.equipojugador", "pk": 7, "fields": {"jugador": 7, "equipo": 3, "fecha_ingreso": "2023-03-22", "capitan": false}}, {"model": "eventos_deportivos.equipojugador", "pk": 8, "fields": {"jugador": 8, "equipo": 2, "fecha_ingreso": "2023-11-10", "capitan": false}}, {"model": "eventos_deportivos.equipojugador", "pk": 9, "fields": {"jugador": 9, "equipo": 5, "fecha_ingreso": "2023-11-08", "capitan": true}}, {"model": "eventos_deportivos.equipojugador", "pk": 10, "fields": {"jugador": 10, "equipo": 4, "fecha_ingreso": "2024-03-17", "capitan": true}}, {"model": "eventos_deportivos.equipojugador", "pk": 11, "fields": {"jugador": 11, "equipo": 19, "fecha_ingreso": "2024-08-23", "capitan": false}}, {"model": "eventos_deportivos.equipojugador", "pk": 12, "fields": {"jugador": 12, "equipo": 18, "fecha_ingreso": "2025-05-30", "capitan": false}}, {"model": "eventos_deportivos.equipojugador", "pk": 13, "fields": {"jugador": 13, "equipo": 18, "fecha_ingreso": "2024-09-02", "capitan": true}}, {"model": "eventos_deportivos.equipojugador", "pk": 14, "fields": {"jugador": 14, "equipo": 13, "fecha_ingreso": "2023-06-21", "capitan": false}}, {"model": "eventos_deportivos.equipojugador", "pk": 15, "fields": {"jugador": 15, "equipo": 19, "fecha_ingreso": "2020-12-16", "capitan": false}}, {"model": "eventos_deportivos.equipojugador", "pk": 16, "fields": {"jugador": 16, "equipo": 14, "fecha_ingreso": "2025-06-19", "capitan": true}}, {"model": "eventos_deportivos.equipojugador", "pk": 17, "fields": {"jugador": 17, "equipo": 19, "fecha_ingreso": "2024-04-26", "capitan": true}}, {"model": "eventos_deportivos.equipojugador", "pk": 18, "fields": {"jugador": 18, "equipo": 20, "fecha_ingreso": "2025-05-29", "capitan": false}}, {"model": "eventos_deportivos.equipojugador", "pk": 19, "fields": {"jugador": 19, "equipo": 16, "fecha_ingreso": "2022-10-31", "capitan": true}}, {"model": "eventos_deportivos.equipojugador", "pk": 20, "fields": {"jugador": 20, "equipo": 12, "fecha_ingreso": "2022-08-29", "capitan": false}}, {"model": "eventos_deportivos.torneo", "pk": 1, "fields": {"nombre": "fly Cup", "pais": "Sierra Leone", "fecha_inicio": "2025-02-09", "fecha_fin": "2025-10-30"}}, {"model": "eventos_deportivos.torneo", "pk": 2, "fields": {"nombre": "prove Cup", "pais": "Western Sahara", "fecha_inicio": "2025-01-27", "fecha_fin": "2026-02-09"}}, {"model": "eventos_deportivos.torneo", "pk": 3, "fields": {"nombre": "structure Cup", "pais": "Slovenia", "fecha_inicio": "2025-08-17", "fecha_fin": "2026-06-20"}}, {"model": "eventos_deportivos.torneo", "pk": 4, "fields": {"nombre": "imagine Cup", "pais": "Brazil", "fecha_inicio": "2025-09-15", "fecha_fin": "2026-07-29"}}, {"model": "eventos_deportivos.torneo", "pk": 5, "fields": {"nombre": "seek Cup", "pais": "Kiribati", "fecha_inicio": "2025-02-28", "fecha_fin": "2026-07-27"}}, {"model": "eventos_deportivos.torneo", "pk": 6, "fields": {"nombre": "small Cup", "pais": "Ukraine", "fecha_inicio": "2025-03-12", "fecha_fin": "2026-08-29"}}, {"model": "eventos_deportivos.torneo", "pk": 7, "fields": {"nombre": "tree Cup", "pais": "Bhutan", "fecha_inicio": "2024-12-09", "fecha_fin": "2026-06-19"}}, {"model": "eventos_deportivos.torneo", "pk": 8, "fields": {"nombre": "think Cup", "pais": "Lithuania", "fecha_inicio": "2025-04-18", "fecha_fin": "2026-03-17"}}, {"model": "eventos_deportivos.torneo", "pk": 9, "fields": {"nombre": "explain Cup", "pais": "Mauritania", "fecha_inicio": "2025-01-12", "fecha_fin": "2026-06-15"}}, {"model": "eventos_deportivos.torneo", "pk": 10, "fields": {"nombre": "benefit Cup", "pais": "Yemen", "fecha_inicio": "2025-01-24", "fecha_fin": "2026-08-26"}}, {"model": "eventos_deportivos.partido", "pk": 1, "fields": {"equipo_local": 4, "equipo_visitante": 2, "fecha": "2025-05-13T13:05:01.703Z", "resultado": "4-3", "torneo": 3}}, {"model": "eventos_deportivos.partido", "pk": 2, "fields": {"equipo_local": 3, "equipo_visitante": 4, "fecha": "2025-05-06T12:38:37.008Z", "resultado": "0-5", "torneo": 2}}, {"model": "eventos_deportivos.partido", "pk": 3, "fields": {"equipo_local": 8, "equipo_visitante": 5, "fecha": "2025-03-11T04:48:46.069Z", "resultado": "2-3", "torneo": 1}}, {"model": "eventos_deportivos.partido", "pk": 4, "fields": {"equipo_local": 9, "equipo_visitante": 7, "fecha": "2025-07-06T15:15:24.595Z", "resultado": "4-0", "torneo": 2}}, {"model": "eventos_deportivos.partido", "pk": 5, "fields": {"equipo_local": 3, "equipo_visitante": 6, "fecha": "2025-09-07T22:35:44.926Z", "resultado": "1-0", "torneo": 4}}, {"model": "eventos_deportivos.partido", "pk": 6, "fields": {"equipo_local": 9, "equipo_visitante": 7, "fecha": "2025-04-27T01:02:24.526Z", "resultado": "3-2", "torneo": 1}}, {"model": "eventos_deportivos.partido", "pk": 7, "fields": {"equipo_local": 10, "equipo_visitante": 1, "fecha": "2025-04-10T06:53:15.817Z", "resultado": "4-3", "torneo": 3}}, {"model": "eventos_deportivos.partido", "pk": 8, "fields": {"equipo_local": 2, "equipo_visitante": 6, "fecha": "2025-03-19T06:58:33.554Z", "resultado": "2-4", "torneo": 5}}, {"model": "eventos_deportivos.partido", "pk": 9, "fields": {"equipo_local": 2, "equipo_visitante": 1, "fecha": "2025-01-26T04:09:44.457Z", "resultado": "0-0", "torneo": 3}}, {"model": "eventos_deportivos.partido", "pk": 10, "fields": {"equipo_local": 9, "equipo_visitante": 2, "fecha": "2025-02-15T14:16:09.783Z", "resultado": "2-5", "torneo": 3}}, {"model": "eventos_deportivos.partido", "pk": 11, "fields": {"equipo_local": 11, "equipo_visitante": 19, "fecha": "2025-01-23T01:42:02.133Z", "resultado": "2-3", "torneo": 7}}, {"model": "eventos_deportivos.partido", "pk": 12, "fields": {"equipo_local": 15, "equipo_visitante": 13, "fecha": "2025-04-06T14:54:49.051Z", "resultado": "4-1", "torneo": 7}}, {"model": "eventos_deportivos.partido", "pk": 13, "fields": {"equipo_local": 14, "equipo_visitante": 16, "fecha": "2025-09-25T02:29:18.011Z", "resultado": "5-1", "torneo": 8}}, {"model": "eventos_deportivos.partido", "pk": 14, "fields": {"equipo_local": 15, "equipo_visitante": 12, "fecha": "2025-05-12T01:18:03.364Z", "resultado": "1-2", "torneo": 7}}, {"model": "eventos_deportivos.partido", "pk": 15, "fields": {"equipo_local": 17, "equipo_visitante": 19, "fecha": "2025-02-26T14:36:42.337Z", "resultado": "0-1", "torneo": 10}}, {"model": "eventos_deportivos.partido", "pk": 16, "fields": {"equipo_local": 13, "equipo_visitante": 15, "fecha": "2025-02-08T12:05:15.961Z", "resultado": "1-1", "torneo": 7}}, {"model": "eventos_deportivos.partido", "pk": 17, "fields": {"equipo_local": 17, "equipo_visitante": 11, "fecha": "2025-02-19T07:03:07.815Z", "resultado": "3-0", "torneo": 7}}, {"model": "eventos_deportivos.partido", "pk": 18, "fields": {"equipo_local": 16, "equipo_visitante": 11, "fecha": "2025-07-23T23:37:50.916Z", "resultado": "4-0", "torneo": 7}}, {"model": "eventos_deportivos.partido", "pk": 19, "fields": {"equipo_local": 18, "equipo_visitante": 15, "fecha": "2025-08-09T13:55:47.846Z", "resultado": "5-0", "torneo": 8}}, {"model": "eventos_deportivos.partido", "pk": 20, "fields": {"equipo_local": 15, "equipo_visitante": 12, "fecha": "2025-07-08T05:41:00.102Z", "resultado": "0-0", "torneo": 7}}, {"model": "eventos_deportivos.arbitro", "pk": 1, "fields": {"nombre": "Kevin", "apellido": "Johnson", "licencia": "LIC0647", "partidos": [2, 3, 7]}}, {"model": "eventos_deportivos.arbitro", "pk": 2, "fields": {"nombre": "Courtney", "apellido": "Wood", "licencia": "LIC0012", "partidos": [1, 5, 7]}}, {"model": "eventos_deportivos.arbitro", "pk": 3, "fields": {"nombre": "Kayla", "apellido": "Castillo", "licencia": "LIC4044", "partidos": [2, 3, 6]}}, {"model": "eventos_deportivos.arbitro", "pk": 4, "fields": {"nombre": "Dwayne", "apellido": "Key", "licencia": "LIC9156", "partidos": [1, 2, 4]}}, {"model": "eventos_deportivos.arbitro", "pk": 5, "fields": {"nombre": "Angela", "apellido": "Byrd", "licencia": "LIC0736", "partidos": [4, 9, 10]}}, {"model": "eventos_deportivos.arbitro", "pk": 6, "fields": {"nombre": "Christopher", "apellido": "Graves", "licencia": "LIC9830", "partidos": [11, 13, 18]}}, {"model": "eventos_deportivos.arbitro", "pk": 7, "fields": {"nombre": "Rhonda", "apellido": "Farmer", "licencia": "LIC2870", "partidos": [12, 14, 15]}}, {"model": "eventos_deportivos.arbitro", "pk": 8, "fields": {"nombre": "Susan", "apellido": "Sanchez", "licencia": "LIC9434", "partidos": [15, 17, 19]}}, {"model": "eventos_deportivos.arbitro", "pk": 9, "fields": {"nombre": "Beth", "apellido": "Alvarez", "licencia": "LIC3556", "partidos": [13, 15, 19]}}, {"model": "eventos_deportivos.arbitro", "pk": 10, "fields": {"nombre": "Joseph", "apellido": "Walsh", "licencia": "LIC5942", "partidos": [12, 14, 18]}}, {"model": "eventos_deportivos.estadio", "pk": 1, "fields": {"nombre": "East James Stadium", "ciudad": "Lake Robertfurt", "capacidad": 43467, "cubierto": false}}, {"model": "eventos_deportivos.estadio", "pk": 2, "fields": {"nombre": "Schroederville Stadium", "ciudad": "East Micheleport", "capacidad": 24416, "cubierto": true}}, {"model": "eventos_deportivos.estadio", "pk": 3, "fields": {"nombre": "Deborahshire Stadium", "ciudad": "Jacksonchester", "capacidad": 45221, "cubierto": false}}, {"model": "eventos_deportivos.estadio", "pk": 4, "fields": {"nombre": "New Barbara Stadium", "ciudad": "Barbaraview", "capacidad": 6148, "cubierto": false}}, {"model": "eventos_deportivos.estadio", "pk": 5, "fields": {"nombre": "North Jacobport Stadium", "ciudad": "Jacksonbury", "capacidad": 25689, "cubierto": false}}, {"model": "eventos_deportivos.estadio", "pk": 6, "fields": {"nombre": "Lake Chadberg Stadium", "ciudad": "West Stephen", "capacidad": 18905, "cubierto": false}}, {"model": "eventos_deportivos.estadio", "pk": 7, "fields": {"nombre": "Taylorburgh Stadium", "ciudad": "West Kyle", "capacidad": 14166, "cubierto": false}}, {"model": "eventos_deportivos.estadio", "pk": 8, "fields": {"nombre": "Port Michaelville Stadium", "ciudad": "Carpenterport", "capacidad": 26903, "cubierto": true}}, {"model": "eventos_deportivos.estadio", "pk": 9, "fields": {"nombre": "Barberton Stadium", "ciudad": "Toddhaven", "capacidad": 36635, "cubierto": false}}, {"model": "eventos_deportivos.estadio", "pk": 10, "fields": {"nombre": "East Kevinport Stadium", "ciudad": "Port Sandraside", "capacidad": 6936, "cubierto": true}}, {"model": "eventos_deportivos.sponsor", "pk": 1, "fields": {"nombre": "Wong Group", "monto": "3659.25", "pais": "Sierra Leone", "equipos": [2, 4]}}, {"model": "eventos_deportivos.sponsor", "pk": 2, "fields": {"nombre": "Hudson, Reed and Fields", "monto": "2435.71", "pais": "Kenya", "equipos": [5, 6]}}, {"model": "eventos_deportivos.sponsor", "pk": 3, "fields": {"nombre": "Nguyen, Lucas and Owen", "monto": "3329.73", "pais": "Tuvalu", "equipos": [4, 8]}}, {"model": "eventos_deportivos.sponsor", "pk": 4, "fields": {"nombre": "Bradford, Johnston and Barrett", "monto": "51335.96", "pais": "Tokelau", "equipos": [1, 10]}}, {"model": "eventos_deportivos.sponsor", "pk": 5, "fields": {"nombre": "Bowers-Weber", "monto": "18184.52", "pais": "Montenegro", "equipos": [3, 10]}}, {"model": "eventos_deportivos.sponsor", "pk": 6, "fields": {"nombre": "Brown Ltd", "monto": "49978.50", "pais": "Bulgaria", "equipos": [17, 19]}}, {"model": "eventos_deportivos.sponsor", "pk": 7, "fields": {"nombre": "Jones-Ho", "monto": "16237.88", "pais": "Latvia", "equipos": [11, 20]}}, {"model": "eventos_deportivos.sponsor", "pk": 8, "fields": {"nombre": "Ford, Morales and Hopkins", "monto": "9748.39", "pais": "Kenya", "equipos": [12, 20]}}, {"model": "eventos_deportivos.sponsor", "pk": 9, "fields": {"nombre": "Burch-Lynch", "monto": "77886.93", "pais": "British Virgin Islands", "equipos": [13, 14]}}, {"model": "eventos_deportivos.sponsor", "pk": 10, "fields": {"nombre": "Stewart Group", "monto": "55446.92", "pais": "Vanuatu", "equipos": [11, 16]}}, {"model": "eventos_deportivos.premio", "pk": 1, "fields": {"nombre": "affect Trophy", "monto": "19172.03", "torneo": 1, "ganador": 5}}, {"model": "eventos_deportivos.premio", "pk": 2, "fields": {"nombre": "top Trophy", "monto": "45065.05", "torneo": 2, "ganador": 2}}, {"model": "eventos_deportivos.premio", "pk": 3, "fields": {"nombre": "window Trophy", "monto": "8635.38", "torneo": 3, "ganador": 8}}, {"model": "eventos_deportivos.premio", "pk": 4, "fields": {"nombre": "each Trophy", "monto": "14853.58", "torneo": 4, "ganador": 7}}, {"model": "eventos_deportivos.premio", "pk": 5, "fields": {"nombre": "though Trophy", "monto": "19120.54", "torneo": 5, "ganador": 3}}, {"model": "eventos_deportivos.premio", "pk": 6, "fields": {"nombre": "remember Trophy", "monto": "30083.70", "torneo": 6, "ganador": 17}}, {"model": "eventos_deportivos.premio", "pk": 7, "fields": {"nombre": "find Trophy", "monto": "6309.69", "torneo": 7, "ganador": 12}}, {"model": "eventos_deportivos.premio", "pk": 8, "fields": {"nombre": "fine Trophy", "monto": "7077.40", "torneo": 8, "ganador": 14}}, {"model": "eventos_deportivos.premio", "pk": 9, "fields": {"nombre": "attack Trophy", "monto": "17359.21", "torneo": 9, "ganador": 14}}, {"model": "eventos_deportivos.premio", "pk": 10, "fields": {"nombre": "front Trophy", "monto": "48847.28", "torneo": 10, "ganador": 18}}]