[
{
    "model": "admin.logentry",
    "pk": 24,
    "fields": {
        "action_time": "2025-12-11T21:31:41.527Z",
        "user": 11,
        "content_type": 14,
        "object_id": "5",
        "object_repr": "Lola",
        "action_flag": 2,
        "change_message": "[{\"changed\": {\"fields\": [\"Nombre\", \"Apellido\", \"Partidos\"]}}]"
    }
},
{
    "model": "admin.logentry",
    "pk": 25,
    "fields": {
        "action_time": "2025-12-11T21:33:45.759Z",
        "user": 11,
        "content_type": 14,
        "object_id": "5",
        "object_repr": "Lola",
        "action_flag": 2,
        "change_message": "[]"
    }
},
{
    "model": "admin.logentry",
    "pk": 26,
    "fields": {
        "action_time": "2025-12-11T21:34:10.280Z",
        "user": 11,
        "content_type": 8,
        "object_id": "11",
        "object_repr": "carlos",
        "action_flag": 2,
        "change_message": "[{\"changed\": {\"fields\": [\"Groups\", \"Rol\"]}}]"
    }
},
{
    "model": "admin.logentry",
    "pk": 27,
    "fields": {
        "action_time": "2025-12-11T21:37:40.359Z",
        "user": 11,
        "content_type": 14,
        "object_id": "5",
        "object_repr": "Lola",
        "action_flag": 2,
        "change_message": "[{\"changed\": {\"fields\": [\"Partidos\"]}}]"
    }
},
{
    "model": "admin.logentry",
    "pk": 28,
    "fields": {
        "action_time": "2025-12-11T21:37:43.273Z",
        "user": 11,
        "content_type": 14,
        "object_id": "5",
        "object_repr": "Lola",
        "action_flag": 2,
        "change_message": "[]"
    }
},
{
    "model": "admin.logentry",
    "pk": 29,
    "fields": {
        "action_time": "2025-12-11T22:29:38.053Z",
        "user": 11,
        "content_type": 14,
        "object_id": "5",
        "object_repr": "Lola",
        "action_flag": 2,
        "change_message": "[{\"changed\": {\"fields\": [\"Partidos\"]}}]"
    }
},
{
    "model": "admin.logentry",
    "pk": 30,
    "fields": {
        "action_time": "2025-12-13T10:58:16.358Z",
        "user": 11,
        "content_type": 14,
        "object_id": "5",
        "object_repr": "Lola",
        "action_flag": 2,
        "change_message": "[{\"changed\": {\"fields\": [\"Partidos\"]}}]"
    }
},
{
    "model": "admin.logentry",
    "pk": 31,
    "fields": {
        "action_time": "2025-12-13T11:23:16.825Z",
        "user": 11,
        "content_type": 16,
        "object_id": "3",
        "object_repr": "Brown, Green and Robinson",
        "action_flag": 2,
        "change_message": "[{\"changed\": {\"fields\": [\"Arbitro principal\"]}}]"
    }
},
{
    "model": "admin.logentry",
    "pk": 32,
    "fields": {
        "action_time": "2025-12-13T11:39:11.221Z",
        "user": 11,
        "content_type": 16,
        "object_id": "2",
        "object_repr": "Schmidt-Owens",
        "action_flag": 2,
        "change_message": "[{\"changed\": {\"fields\": [\"Arbitro principal\"]}}]"
    }
},
{
    "model": "auth.permission",
    "pk": 1,
    "fields": {
        "name": "Can add log entry",
        "content_type": 1,
        "codename": "add_logentry"
    }
},
{
    "model": "auth.permission",
    "pk": 2,
    "fields": {
        "name": "Can change log entry",
        "content_type": 1,
        "codename": "change_logentry"
    }
},
{
    "model": "auth.permission",
    "pk": 3,
    "fields": {
        "name": "Can delete log entry",
        "content_type": 1,
        "codename": "delete_logentry"
    }
},
{
    "model": "auth.permission",
    "pk": 4,
    "fields": {
        "name": "Can view log entry",
        "content_type": 1,
        "codename": "view_logentry"
    }
},
{
    "model": "auth.permission",
    "pk": 5,
    "fields": {
        "name": "Can add permission",
        "content_type": 2,
        "codename": "add_permission"
    }
},
{
    "model": "auth.permission",
    "pk": 6,
    "fields": {
        "name": "Can change permission",
        "content_type": 2,
        "codename": "change_permission"
    }
},
{
    "model": "auth.permission",
    "pk": 7,
    "fields": {
        "name": "Can delete permission",
        "content_type": 2,
        "codename": "delete_permission"
    }
},
{
    "model": "auth.permission",
    "pk": 8,
    "fields": {
        "name": "Can view permission",
        "content_type": 2,
        "codename": "view_permission"
    }
},
{
    "model": "auth.permission",
    "pk": 9,
    "fields": {
        "name": "Can add group",
        "content_type": 3,
        "codename": "add_group"
    }
},
{
    "model": "auth.permission",
    "pk": 10,
    "fields": {
        "name": "Can change group",
        "content_type": 3,
        "codename": "change_group"
    }
},
{
    "model": "auth.permission",
    "pk": 11,
    "fields": {
        "name": "Can delete group",
        "content_type": 3,
        "codename": "delete_group"
    }
},
{
    "model": "auth.permission",
    "pk": 12,
    "fields": {
        "name": "Can view group",
        "content_type": 3,
        "codename": "view_group"
    }
},
{
    "model": "auth.permission",
    "pk": 13,
    "fields": {
        "name": "Can add content type",
        "content_type": 4,
        "codename": "add_contenttype"
    }
},
{
    "model": "auth.permission",
    "pk": 14,
    "fields": {
        "name": "Can change content type",
        "content_type": 4,
        "codename": "change_contenttype"
    }
},
{
    "model": "auth.permission",
    "pk": 15,
    "fields": {
        "name": "Can delete content type",
        "content_type": 4,
        "codename": "delete_contenttype"
    }
},
{
    "model": "auth.permission",
    "pk": 16,
    "fields": {
        "name": "Can view content type",
        "content_type": 4,
        "codename": "view_contenttype"
    }
},
{
    "model": "auth.permission",
    "pk": 17,
    "fields": {
        "name": "Can add session",
        "content_type": 5,
        "codename": "add_session"
    }
},
{
    "model": "auth.permission",
    "pk": 18,
    "fields": {
        "name": "Can change session",
        "content_type": 5,
        "codename": "change_session"
    }
},
{
    "model": "auth.permission",
    "pk": 19,
    "fields": {
        "name": "Can delete session",
        "content_type": 5,
        "codename": "delete_session"
    }
},
{
    "model": "auth.permission",
    "pk": 20,
    "fields": {
        "name": "Can view session",
        "content_type": 5,
        "codename": "view_session"
    }
},
{
    "model": "auth.permission",
    "pk": 21,
    "fields": {
        "name": "Can add estadio",
        "content_type": 6,
        "codename": "add_estadio"
    }
},
{
    "model": "auth.permission",
    "pk": 22,
    "fields": {
        "name": "Can change estadio",
        "content_type": 6,
        "codename": "change_estadio"
    }
},
{
    "model": "auth.permission",
    "pk": 23,
    "fields": {
        "name": "Can delete estadio",
        "content_type": 6,
        "codename": "delete_estadio"
    }
},
{
    "model": "auth.permission",
    "pk": 24,
    "fields": {
        "name": "Can view estadio",
        "content_type": 6,
        "codename": "view_estadio"
    }
},
{
    "model": "auth.permission",
    "pk": 25,
    "fields": {
        "name": "Can add estadisticas jugador",
        "content_type": 7,
        "codename": "add_estadisticasjugador"
    }
},
{
    "model": "auth.permission",
    "pk": 26,
    "fields": {
        "name": "Can change estadisticas jugador",
        "content_type": 7,
        "codename": "change_estadisticasjugador"
    }
},
{
    "model": "auth.permission",
    "pk": 27,
    "fields": {
        "name": "Can delete estadisticas jugador",
        "content_type": 7,
        "codename": "delete_estadisticasjugador"
    }
},
{
    "model": "auth.permission",
    "pk": 28,
    "fields": {
        "name": "Can view estadisticas jugador",
        "content_type": 7,
        "codename": "view_estadisticasjugador"
    }
},
{
    "model": "auth.permission",
    "pk": 29,
    "fields": {
        "name": "Can add user",
        "content_type": 8,
        "codename": "add_usuario"
    }
},
{
    "model": "auth.permission",
    "pk": 30,
    "fields": {
        "name": "Can change user",
        "content_type": 8,
        "codename": "change_usuario"
    }
},
{
    "model": "auth.permission",
    "pk": 31,
    "fields": {
        "name": "Can delete user",
        "content_type": 8,
        "codename": "delete_usuario"
    }
},
{
    "model": "auth.permission",
    "pk": 32,
    "fields": {
        "name": "Can view user",
        "content_type": 8,
        "codename": "view_usuario"
    }
},
{
    "model": "auth.permission",
    "pk": 33,
    "fields": {
        "name": "Can add equipo",
        "content_type": 9,
        "codename": "add_equipo"
    }
},
{
    "model": "auth.permission",
    "pk": 34,
    "fields": {
        "name": "Can change equipo",
        "content_type": 9,
        "codename": "change_equipo"
    }
},
{
    "model": "auth.permission",
    "pk": 35,
    "fields": {
        "name": "Can delete equipo",
        "content_type": 9,
        "codename": "delete_equipo"
    }
},
{
    "model": "auth.permission",
    "pk": 36,
    "fields": {
        "name": "Can view equipo",
        "content_type": 9,
        "codename": "view_equipo"
    }
},
{
    "model": "auth.permission",
    "pk": 37,
    "fields": {
        "name": "Can add jugador",
        "content_type": 10,
        "codename": "add_jugador"
    }
},
{
    "model": "auth.permission",
    "pk": 38,
    "fields": {
        "name": "Can change jugador",
        "content_type": 10,
        "codename": "change_jugador"
    }
},
{
    "model": "auth.permission",
    "pk": 39,
    "fields": {
        "name": "Can delete jugador",
        "content_type": 10,
        "codename": "delete_jugador"
    }
},
{
    "model": "auth.permission",
    "pk": 40,
    "fields": {
        "name": "Can view jugador",
        "content_type": 10,
        "codename": "view_jugador"
    }
},
{
    "model": "auth.permission",
    "pk": 41,
    "fields": {
        "name": "Can add equipo jugador",
        "content_type": 11,
        "codename": "add_equipojugador"
    }
},
{
    "model": "auth.permission",
    "pk": 42,
    "fields": {
        "name": "Can change equipo jugador",
        "content_type": 11,
        "codename": "change_equipojugador"
    }
},
{
    "model": "auth.permission",
    "pk": 43,
    "fields": {
        "name": "Can delete equipo jugador",
        "content_type": 11,
        "codename": "delete_equipojugador"
    }
},
{
    "model": "auth.permission",
    "pk": 44,
    "fields": {
        "name": "Can view equipo jugador",
        "content_type": 11,
        "codename": "view_equipojugador"
    }
},
{
    "model": "auth.permission",
    "pk": 45,
    "fields": {
        "name": "Can add manager",
        "content_type": 12,
        "codename": "add_manager"
    }
},
{
    "model": "auth.permission",
    "pk": 46,
    "fields": {
        "name": "Can change manager",
        "content_type": 12,
        "codename": "change_manager"
    }
},
{
    "model": "auth.permission",
    "pk": 47,
    "fields": {
        "name": "Can delete manager",
        "content_type": 12,
        "codename": "delete_manager"
    }
},
{
    "model": "auth.permission",
    "pk": 48,
    "fields": {
        "name": "Can view manager",
        "content_type": 12,
        "codename": "view_manager"
    }
},
{
    "model": "auth.permission",
    "pk": 49,
    "fields": {
        "name": "Can add partido",
        "content_type": 13,
        "codename": "add_partido"
    }
},
{
    "model": "auth.permission",
    "pk": 50,
    "fields": {
        "name": "Can change partido",
        "content_type": 13,
        "codename": "change_partido"
    }
},
{
    "model": "auth.permission",
    "pk": 51,
    "fields": {
        "name": "Can delete partido",
        "content_type": 13,
        "codename": "delete_partido"
    }
},
{
    "model": "auth.permission",
    "pk": 52,
    "fields": {
        "name": "Can view partido",
        "content_type": 13,
        "codename": "view_partido"
    }
},
{
    "model": "auth.permission",
    "pk": 53,
    "fields": {
        "name": "Can add arbitro",
        "content_type": 14,
        "codename": "add_arbitro"
    }
},
{
    "model": "auth.permission",
    "pk": 54,
    "fields": {
        "name": "Can change arbitro",
        "content_type": 14,
        "codename": "change_arbitro"
    }
},
{
    "model": "auth.permission",
    "pk": 55,
    "fields": {
        "name": "Can delete arbitro",
        "content_type": 14,
        "codename": "delete_arbitro"
    }
},
{
    "model": "auth.permission",
    "pk": 56,
    "fields": {
        "name": "Can view arbitro",
        "content_type": 14,
        "codename": "view_arbitro"
    }
},
{
    "model": "auth.permission",
    "pk": 57,
    "fields": {
        "name": "Can add sponsor",
        "content_type": 15,
        "codename": "add_sponsor"
    }
},
{
    "model": "auth.permission",
    "pk": 58,
    "fields": {
        "name": "Can change sponsor",
        "content_type": 15,
        "codename": "change_sponsor"
    }
},
{
    "model": "auth.permission",
    "pk": 59,
    "fields": {
        "name": "Can delete sponsor",
        "content_type": 15,
        "codename": "delete_sponsor"
    }
},
{
    "model": "auth.permission",
    "pk": 60,
    "fields": {
        "name": "Can view sponsor",
        "content_type": 15,
        "codename": "view_sponsor"
    }
},
{
    "model": "auth.permission",
    "pk": 61,
    "fields": {
        "name": "Can add torneo",
        "content_type": 16,
        "codename": "add_torneo"
    }
},
{
    "model": "auth.permission",
    "pk": 62,
    "fields": {
        "name": "Can change torneo",
        "content_type": 16,
        "codename": "change_torneo"
    }
},
{
    "model": "auth.permission",
    "pk": 63,
    "fields": {
        "name": "Can delete torneo",
        "content_type": 16,
        "codename": "delete_torneo"
    }
},
{
    "model": "auth.permission",
    "pk": 64,
    "fields": {
        "name": "Can view torneo",
        "content_type": 16,
        "codename": "view_torneo"
    }
},
{
    "model": "auth.permission",
    "pk": 65,
    "fields": {
        "name": "Can add premio",
        "content_type": 17,
        "codename": "add_premio"
    }
},
{
    "model": "auth.permission",
    "pk": 66,
    "fields": {
        "name": "Can change premio",
        "content_type": 17,
        "codename": "change_premio"
    }
},
{
    "model": "auth.permission",
    "pk": 67,
    "fields": {
        "name": "Can delete premio",
        "content_type": 17,
        "codename": "delete_premio"
    }
},
{
    "model": "auth.permission",
    "pk": 68,
    "fields": {
        "name": "Can view premio",
        "content_type": 17,
        "codename": "view_premio"
    }
},
{
    "model": "auth.group",
    "pk": 1,
    "fields": {
        "name": "Arbitros",
        "permissions": [
            21,
            22,
            23,
            49,
            50,
            51,
            61,
            62,
            63
        ]
    }
},
{
    "model": "auth.group",
    "pk": 2,
    "fields": {
        "name": "Managers",
        "permissions": [
            33,
            34,
            35,
            37,
            38,
            39,
            57,
            58,
            59
        ]
    }
},
{
    "model": "contenttypes.contenttype",
    "pk": 1,
    "fields": {
        "app_label": "admin",
        "model": "logentry"
    }
},
{
    "model": "contenttypes.contenttype",
    "pk": 2,
    "fields": {
        "app_label": "auth",
        "model": "permission"
    }
},
{
    "model": "contenttypes.contenttype",
    "pk": 3,
    "fields": {
        "app_label": "auth",
        "model": "group"
    }
},
{
    "model": "contenttypes.contenttype",
    "pk": 4,
    "fields": {
        "app_label": "contenttypes",
        "model": "contenttype"
    }
},
{
    "model": "contenttypes.contenttype",
    "pk": 5,
    "fields": {
        "app_label": "sessions",
        "model": "session"
    }
},
{
    "model": "contenttypes.contenttype",
    "pk": 6,
    "fields": {
        "app_label": "eventos_deportivos",
        "model": "estadio"
    }
},
{
    "model": "contenttypes.contenttype",
    "pk": 7,
    "fields": {
        "app_label": "eventos_deportivos",
        "model": "estadisticasjugador"
    }
},
{
    "model": "contenttypes.contenttype",
    "pk": 8,
    "fields": {
        "app_label": "eventos_deportivos",
        "model": "usuario"
    }
},
{
    "model": "contenttypes.contenttype",
    "pk": 9,
    "fields": {
        "app_label": "eventos_deportivos",
        "model": "equipo"
    }
},
{
    "model": "contenttypes.contenttype",
    "pk": 10,
    "fields": {
        "app_label": "eventos_deportivos",
        "model": "jugador"
    }
},
{
    "model": "contenttypes.contenttype",
    "pk": 11,
    "fields": {
        "app_label": "eventos_deportivos",
        "model": "equipojugador"
    }
},
{
    "model": "contenttypes.contenttype",
    "pk": 12,
    "fields": {
        "app_label": "eventos_deportivos",
        "model": "manager"
    }
},
{
    "model": "contenttypes.contenttype",
    "pk": 13,
    "fields": {
        "app_label": "eventos_deportivos",
        "model": "partido"
    }
},
{
    "model": "contenttypes.contenttype",
    "pk": 14,
    "fields": {
        "app_label": "eventos_deportivos",
        "model": "arbitro"
    }
},
{
    "model": "contenttypes.contenttype",
    "pk": 15,
    "fields": {
        "app_label": "eventos_deportivos",
        "model": "sponsor"
    }
},
{
    "model": "contenttypes.contenttype",
    "pk": 16,
    "fields": {
        "app_label": "eventos_deportivos",
        "model": "torneo"
    }
},
{
    "model": "contenttypes.contenttype",
    "pk": 17,
    "fields": {
        "app_label": "eventos_deportivos",
        "model": "premio"
    }
},
{
    "model": "sessions.session",
    "pk": "35fjkkjj0l4tc7hg3pb07ibuel17ozvd",
    "fields": {
        "session_data": ".eJxVjDsOwyAQRO9CHSF-NpAyvc-AdoENTiKQjF1FuXtsyUXSjea9mTcLsK0lbD0vYU7syqRkl98SIT5zPUh6QL03Hltdlxn5ofCTdj61lF-30_07KNDLviavsjRWW-FtJhHVoKUAr0Y0wiXrCLNRhAMBISYpXEx7Hj1ocojo2OcLAOU4xg:1vUjhQ:AfSIG5yrjFC35EC8JqxHZot2qMvMQc-LFB3Wozlerz0",
        "expire_date": "2025-12-28T10:51:36.185Z"
    }
},
{
    "model": "sessions.session",
    "pk": "a2cgsr3485gcvx4ksfnn33hgeez366bi",
    "fields": {
        "session_data": "eyJmZWNoYV9pbmljaW8iOiIxMS8xMi8yMDI1IDA5OjAyIn0:1vTbdb:EjH2oNiTfBbQUXYP_Mg0YVM1hn_Z5q6wbXBnepFlTcM",
        "expire_date": "2025-12-25T08:02:59.733Z"
    }
},
{
    "model": "eventos_deportivos.usuario",
    "pk": 11,
    "fields": {
        "password": "pbkdf2_sha256$870000$36OobTrQQBD04pzGuUikJw$LML3I+UMMItuIIeynBQb3J18ZDw0bXTxuG/RMnkoeJc=",
        "last_login": "2025-12-14T10:51:36.181Z",
        "is_superuser": true,
        "username": "carlos",
        "first_name": "",
        "last_name": "",
        "email": "carlos@carlos.com",
        "is_staff": true,
        "is_active": true,
        "date_joined": "2025-12-11T21:25:33Z",
        "rol": 1,
        "groups": [
            1,
            2
        ],
        "user_permissions": []
    }
},
{
    "model": "eventos_deportivos.usuario",
    "pk": 12,
    "fields": {
        "password": "pbkdf2_sha256$870000$C0v38uqVDLgcnEC3Y2bU3R$cgrLpLl1kUw83wV3q0rzKssBakdYAlgyvCUd1aAHVxY=",
        "last_login": "2025-12-13T11:23:54.766Z",
        "is_superuser": false,
        "username": "Lola",
        "first_name": "",
        "last_name": "",
        "email": "lola@hotmail.com",
        "is_staff": false,
        "is_active": true,
        "date_joined": "2025-12-11T21:26:42.462Z",
        "rol": 2,
        "groups": [
            1
        ],
        "user_permissions": []
    }
},
{
    "model": "eventos_deportivos.usuario",
    "pk": 13,
    "fields": {
        "password": "pbkdf2_sha256$870000$tzpgMJ8ZnUiOaPfPw4p60n$+a+cEw7fxQFObG0SaAKgRbhb3oN65TdNCXotodIc+fs=",
        "last_login": "2025-12-14T09:31:26.700Z",
        "is_superuser": false,
        "username": "Marcos",
        "first_name": "Marcos",
        "last_name": "Gonzalez",
        "email": "marcos@hotmail.com",
        "is_staff": false,
        "is_active": true,
        "date_joined": "2025-12-11T21:30:10.528Z",
        "rol": 1,
        "groups": [
            2
        ],
        "user_permissions": []
    }
},
{
    "model": "eventos_deportivos.usuario",
    "pk": 14,
    "fields": {
        "password": "pbkdf2_sha256$870000$JFZpnCHnftZ3avZkBGEGIx$1wGsp/Y4MlB/8SceXDelEkqucwElzgGdHtO3jd/Ceaw=",
        "last_login": "2025-12-13T11:39:44.727Z",
        "is_superuser": false,
        "username": "Felipe",
        "first_name": "Felipe",
        "last_name": "Matorral",
        "email": "felipe@hotmail.com",
        "is_staff": false,
        "is_active": true,
        "date_joined": "2025-12-13T11:38:18.799Z",
        "rol": 2,
        "groups": [
            1
        ],
        "user_permissions": []
    }
},
{
    "model": "eventos_deportivos.manager",
    "pk": 5,
    "fields": {
        "usuario": 13
    }
},
{
    "model": "eventos_deportivos.estadisticasjugador",
    "pk": 1,
    "fields": {
        "partidos_jugados": 74,
        "goles": 25,
        "asistencias": 10,
        "tarjetas": 13
    }
},
{
    "model": "eventos_deportivos.estadisticasjugador",
    "pk": 2,
    "fields": {
        "partidos_jugados": 72,
        "goles": 48,
        "asistencias": 26,
        "tarjetas": 19
    }
},
{
    "model": "eventos_deportivos.estadisticasjugador",
    "pk": 3,
    "fields": {
        "partidos_jugados": 34,
        "goles": 36,
        "asistencias": 41,
        "tarjetas": 3
    }
},
{
    "model": "eventos_deportivos.estadisticasjugador",
    "pk": 4,
    "fields": {
        "partidos_jugados": 70,
        "goles": 33,
        "asistencias": 17,
        "tarjetas": 6
    }
},
{
    "model": "eventos_deportivos.estadisticasjugador",
    "pk": 5,
    "fields": {
        "partidos_jugados": 94,
        "goles": 45,
        "asistencias": 25,
        "tarjetas": 11
    }
},
{
    "model": "eventos_deportivos.estadisticasjugador",
    "pk": 6,
    "fields": {
        "partidos_jugados": 48,
        "goles": 6,
        "asistencias": 28,
        "tarjetas": 3
    }
},
{
    "model": "eventos_deportivos.estadisticasjugador",
    "pk": 7,
    "fields": {
        "partidos_jugados": 39,
        "goles": 10,
        "asistencias": 34,
        "tarjetas": 5
    }
},
{
    "model": "eventos_deportivos.estadisticasjugador",
    "pk": 8,
    "fields": {
        "partidos_jugados": 16,
        "goles": 10,
        "asistencias": 16,
        "tarjetas": 20
    }
},
{
    "model": "eventos_deportivos.estadisticasjugador",
    "pk": 9,
    "fields": {
        "partidos_jugados": 82,
        "goles": 25,
        "asistencias": 3,
        "tarjetas": 5
    }
},
{
    "model": "eventos_deportivos.estadisticasjugador",
    "pk": 10,
    "fields": {
        "partidos_jugados": 60,
        "goles": 48,
        "asistencias": 12,
        "tarjetas": 7
    }
},
{
    "model": "eventos_deportivos.estadisticasjugador",
    "pk": 11,
    "fields": {
        "partidos_jugados": 7,
        "goles": 8,
        "asistencias": 3,
        "tarjetas": 1
    }
},
{
    "model": "eventos_deportivos.estadisticasjugador",
    "pk": 12,
    "fields": {
        "partidos_jugados": 1,
        "goles": 5,
        "asistencias": 76,
        "tarjetas": 3
    }
},
{
    "model": "eventos_deportivos.estadisticasjugador",
    "pk": 13,
    "fields": {
        "partidos_jugados": 1,
        "goles": 5,
        "asistencias": 76,
        "tarjetas": 3
    }
},
{
    "model": "eventos_deportivos.estadisticasjugador",
    "pk": 14,
    "fields": {
        "partidos_jugados": 1,
        "goles": 5,
        "asistencias": 76,
        "tarjetas": 3
    }
},
{
    "model": "eventos_deportivos.estadisticasjugador",
    "pk": 15,
    "fields": {
        "partidos_jugados": 1,
        "goles": 5,
        "asistencias": 76,
        "tarjetas": 3
    }
},
{
    "model": "eventos_deportivos.estadisticasjugador",
    "pk": 16,
    "fields": {
        "partidos_jugados": 1,
        "goles": 4,
        "asistencias": 6,
        "tarjetas": 0
    }
},
{
    "model": "eventos_deportivos.estadisticasjugador",
    "pk": 17,
    "fields": {
        "partidos_jugados": 1,
        "goles": 4,
        "asistencias": 6,
        "tarjetas": 0
    }
},
{
    "model": "eventos_deportivos.estadisticasjugador",
    "pk": 18,
    "fields": {
        "partidos_jugados": 1,
        "goles": 4,
        "asistencias": 6,
        "tarjetas": 0
    }
},
{
    "model": "eventos_deportivos.estadisticasjugador",
    "pk": 19,
    "fields": {
        "partidos_jugados": 1,
        "goles": 4,
        "asistencias": 6,
        "tarjetas": 0
    }
},
{
    "model": "eventos_deportivos.estadisticasjugador",
    "pk": 20,
    "fields": {
        "partidos_jugados": 1,
        "goles": 4,
        "asistencias": 6,
        "tarjetas": 0
    }
},
{
    "model": "eventos_deportivos.estadisticasjugador",
    "pk": 21,
    "fields": {
        "partidos_jugados": 1,
        "goles": 4,
        "asistencias": 6,
        "tarjetas": 0
    }
},
{
    "model": "eventos_deportivos.estadisticasjugador",
    "pk": 22,
    "fields": {
        "partidos_jugados": 1,
        "goles": 4,
        "asistencias": 6,
        "tarjetas": 0
    }
},
{
    "model": "eventos_deportivos.estadisticasjugador",
    "pk": 23,
    "fields": {
        "partidos_jugados": 1,
        "goles": 4,
        "asistencias": 6,
        "tarjetas": 0
    }
},
{
    "model": "eventos_deportivos.estadisticasjugador",
    "pk": 24,
    "fields": {
        "partidos_jugados": 1,
        "goles": 4,
        "asistencias": 6,
        "tarjetas": 0
    }
},
{
    "model": "eventos_deportivos.jugador",
    "pk": 1,
    "fields": {
        "nombre": "Melissa",
        "apellido": "Frye",
        "fecha_nacimiento": "2001-12-02",
        "posicion": "POR",
        "estadisticas": 1,
        "creado_por": null
    }
},
{
    "model": "eventos_deportivos.jugador",
    "pk": 2,
    "fields": {
        "nombre": "Julie",
        "apellido": "May",
        "fecha_nacimiento": "1989-04-06",
        "posicion": "DEF",
        "estadisticas": 2,
        "creado_por": null
    }
},
{
    "model": "eventos_deportivos.jugador",
    "pk": 3,
    "fields": {
        "nombre": "James",
        "apellido": "Hubbard",
        "fecha_nacimiento": "1993-12-14",
        "posicion": "MED",
        "estadisticas": 3,
        "creado_por": null
    }
},
{
    "model": "eventos_deportivos.jugador",
    "pk": 4,
    "fields": {
        "nombre": "Holly",
        "apellido": "Gonzales",
        "fecha_nacimiento": "1991-12-02",
        "posicion": "DEF",
        "estadisticas": 4,
        "creado_por": null
    }
},
{
    "model": "eventos_deportivos.jugador",
    "pk": 5,
    "fields": {
        "nombre": "Holly",
        "apellido": "Howard",
        "fecha_nacimiento": "1991-04-28",
        "posicion": "DEL",
        "estadisticas": 5,
        "creado_por": null
    }
},
{
    "model": "eventos_deportivos.jugador",
    "pk": 6,
    "fields": {
        "nombre": "Christopher",
        "apellido": "Johnson",
        "fecha_nacimiento": "1999-10-23",
        "posicion": "MED",
        "estadisticas": 6,
        "creado_por": null
    }
},
{
    "model": "eventos_deportivos.jugador",
    "pk": 7,
    "fields": {
        "nombre": "Nicole",
        "apellido": "Pollard",
        "fecha_nacimiento": "1984-12-31",
        "posicion": "POR",
        "estadisticas": 7,
        "creado_por": null
    }
},
{
    "model": "eventos_deportivos.jugador",
    "pk": 8,
    "fields": {
        "nombre": "Shelly",
        "apellido": "Williams",
        "fecha_nacimiento": "2006-02-16",
        "posicion": "DEF",
        "estadisticas": 8,
        "creado_por": null
    }
},
{
    "model": "eventos_deportivos.jugador",
    "pk": 9,
    "fields": {
        "nombre": "Robert",
        "apellido": "Johnson",
        "fecha_nacimiento": "1991-02-03",
        "posicion": "POR",
        "estadisticas": 9,
        "creado_por": null
    }
},
{
    "model": "eventos_deportivos.jugador",
    "pk": 10,
    "fields": {
        "nombre": "Daniel",
        "apellido": "Clark",
        "fecha_nacimiento": "1995-12-19",
        "posicion": "POR",
        "estadisticas": 10,
        "creado_por": null
    }
},
{
    "model": "eventos_deportivos.jugador",
    "pk": 11,
    "fields": {
        "nombre": "Tifani",
        "apellido": "Ramirez",
        "fecha_nacimiento": "2002-03-07",
        "posicion": "DEL",
        "estadisticas": 24,
        "creado_por": null
    }
},
{
    "model": "eventos_deportivos.equipo",
    "pk": 1,
    "fields": {
        "nombre": "Mathews LLC",
        "ciudad": "Milesmouth",
        "fundacion": "1991-03-19",
        "activo": true,
        "estadio_principal": 1,
        "creado_por": null
    }
},
{
    "model": "eventos_deportivos.equipo",
    "pk": 2,
    "fields": {
        "nombre": "Spencer-Phillips",
        "ciudad": "Robinmouth",
        "fundacion": "1975-05-24",
        "activo": true,
        "estadio_principal": 2,
        "creado_por": null
    }
},
{
    "model": "eventos_deportivos.equipo",
    "pk": 3,
    "fields": {
        "nombre": "Richardson, Waters and Hunter",
        "ciudad": "Prestonhaven",
        "fundacion": "1981-06-24",
        "activo": true,
        "estadio_principal": 3,
        "creado_por": null
    }
},
{
    "model": "eventos_deportivos.equipo",
    "pk": 4,
    "fields": {
        "nombre": "ZooProtector",
        "ciudad": "Londres",
        "fundacion": "2025-12-14",
        "activo": true,
        "estadio_principal": 4,
        "creado_por": null
    }
},
{
    "model": "eventos_deportivos.equipojugador",
    "pk": 1,
    "fields": {
        "jugador": 2,
        "equipo": 1,
        "fecha_ingreso": "2020-12-11",
        "capitan": false
    }
},
{
    "model": "eventos_deportivos.equipojugador",
    "pk": 2,
    "fields": {
        "jugador": 7,
        "equipo": 1,
        "fecha_ingreso": "2023-01-07",
        "capitan": false
    }
},
{
    "model": "eventos_deportivos.equipojugador",
    "pk": 3,
    "fields": {
        "jugador": 1,
        "equipo": 1,
        "fecha_ingreso": "2023-04-19",
        "capitan": true
    }
},
{
    "model": "eventos_deportivos.equipojugador",
    "pk": 4,
    "fields": {
        "jugador": 1,
        "equipo": 2,
        "fecha_ingreso": "2021-09-20",
        "capitan": true
    }
},
{
    "model": "eventos_deportivos.equipojugador",
    "pk": 5,
    "fields": {
        "jugador": 6,
        "equipo": 2,
        "fecha_ingreso": "2024-05-11",
        "capitan": false
    }
},
{
    "model": "eventos_deportivos.equipojugador",
    "pk": 6,
    "fields": {
        "jugador": 8,
        "equipo": 2,
        "fecha_ingreso": "2024-12-10",
        "capitan": false
    }
},
{
    "model": "eventos_deportivos.equipojugador",
    "pk": 7,
    "fields": {
        "jugador": 5,
        "equipo": 3,
        "fecha_ingreso": "2021-08-15",
        "capitan": true
    }
},
{
    "model": "eventos_deportivos.equipojugador",
    "pk": 8,
    "fields": {
        "jugador": 8,
        "equipo": 3,
        "fecha_ingreso": "2023-04-20",
        "capitan": false
    }
},
{
    "model": "eventos_deportivos.equipojugador",
    "pk": 9,
    "fields": {
        "jugador": 1,
        "equipo": 3,
        "fecha_ingreso": "2021-04-05",
        "capitan": true
    }
},
{
    "model": "eventos_deportivos.equipojugador",
    "pk": 10,
    "fields": {
        "jugador": 2,
        "equipo": 4,
        "fecha_ingreso": "2025-12-14",
        "capitan": false
    }
},
{
    "model": "eventos_deportivos.equipojugador",
    "pk": 11,
    "fields": {
        "jugador": 3,
        "equipo": 4,
        "fecha_ingreso": "2025-12-14",
        "capitan": false
    }
},
{
    "model": "eventos_deportivos.equipojugador",
    "pk": 12,
    "fields": {
        "jugador": 4,
        "equipo": 4,
        "fecha_ingreso": "2025-12-14",
        "capitan": false
    }
},
{
    "model": "eventos_deportivos.torneo",
    "pk": 1,
    "fields": {
        "nombre": "Benjamin, Davies and Davis",
        "pais": "Ukraine",
        "fecha_inicio": "2025-01-02",
        "fecha_fin": "2026-08-23",
        "arbitro_principal": null,
        "creado_por": null
    }
},
{
    "model": "eventos_deportivos.torneo",
    "pk": 2,
    "fields": {
        "nombre": "Schmidt-Owens",
        "pais": "South Georgia and the South Sandwich Islands",
        "fecha_inicio": "2025-01-22",
        "fecha_fin": "2026-09-26",
        "arbitro_principal": 6,
        "creado_por": null
    }
},
{
    "model": "eventos_deportivos.torneo",
    "pk": 3,
    "fields": {
        "nombre": "Brown, Green and Robinson",
        "pais": "Trinidad and Tobago",
        "fecha_inicio": "2024-02-18",
        "fecha_fin": "2026-01-02",
        "arbitro_principal": 5,
        "creado_por": null
    }
},
{
    "model": "eventos_deportivos.partido",
    "pk": 1,
    "fields": {
        "equipo_local": 2,
        "equipo_visitante": 3,
        "fecha": "2025-02-19T01:10:42.737Z",
        "resultado": "2-5",
        "torneo": 3,
        "creado_por": null
    }
},
{
    "model": "eventos_deportivos.partido",
    "pk": 2,
    "fields": {
        "equipo_local": 2,
        "equipo_visitante": 2,
        "fecha": "2025-01-12T09:19:24.474Z",
        "resultado": "4-5",
        "torneo": 3,
        "creado_por": null
    }
},
{
    "model": "eventos_deportivos.partido",
    "pk": 3,
    "fields": {
        "equipo_local": 3,
        "equipo_visitante": 2,
        "fecha": "2025-03-01T15:58:36.851Z",
        "resultado": "1-0",
        "torneo": 2,
        "creado_por": null
    }
},
{
    "model": "eventos_deportivos.partido",
    "pk": 4,
    "fields": {
        "equipo_local": 1,
        "equipo_visitante": 2,
        "fecha": "2025-03-10T00:16:09.097Z",
        "resultado": "2-1",
        "torneo": 3,
        "creado_por": null
    }
},
{
    "model": "eventos_deportivos.partido",
    "pk": 5,
    "fields": {
        "equipo_local": 3,
        "equipo_visitante": 3,
        "fecha": "2025-07-06T07:34:55.405Z",
        "resultado": "3-5",
        "torneo": 3,
        "creado_por": null
    }
},
{
    "model": "eventos_deportivos.partido",
    "pk": 6,
    "fields": {
        "equipo_local": 3,
        "equipo_visitante": 1,
        "fecha": "2026-01-02T12:00:00Z",
        "resultado": "3-5",
        "torneo": 2,
        "creado_por": null
    }
},
{
    "model": "eventos_deportivos.arbitro",
    "pk": 5,
    "fields": {
        "usuario": 12,
        "nombre": "Lola",
        "apellido": "Ramirez",
        "licencia": "LIC-0012",
        "partidos": [
            2
        ]
    }
},
{
    "model": "eventos_deportivos.arbitro",
    "pk": 6,
    "fields": {
        "usuario": 14,
        "nombre": "Felipe",
        "apellido": "Matorral",
        "licencia": "LIC-0014",
        "partidos": []
    }
},
{
    "model": "eventos_deportivos.estadio",
    "pk": 1,
    "fields": {
        "nombre": "Mcdaniel, Collins and Daniels",
        "ciudad": "South Laurenburgh",
        "capacidad": 21228,
        "cubierto": true,
        "imagen": "",
        "creado_por": null
    }
},
{
    "model": "eventos_deportivos.estadio",
    "pk": 2,
    "fields": {
        "nombre": "Austin Inc",
        "ciudad": "Josephburgh",
        "capacidad": 8559,
        "cubierto": true,
        "imagen": "",
        "creado_por": null
    }
},
{
    "model": "eventos_deportivos.estadio",
    "pk": 3,
    "fields": {
        "nombre": "Taylor LLC",
        "ciudad": "Shannonmouth",
        "capacidad": 28118,
        "cubierto": true,
        "imagen": "",
        "creado_por": null
    }
},
{
    "model": "eventos_deportivos.estadio",
    "pk": 4,
    "fields": {
        "nombre": "GRAND PEPE",
        "ciudad": "Londres",
        "capacidad": 546456,
        "cubierto": true,
        "imagen": "",
        "creado_por": null
    }
},
{
    "model": "eventos_deportivos.sponsor",
    "pk": 1,
    "fields": {
        "nombre": "Duran-Dyer",
        "monto": "21032.64",
        "pais": "Iran",
        "creado_por": null,
        "equipos": [
            2,
            3
        ]
    }
},
{
    "model": "eventos_deportivos.sponsor",
    "pk": 2,
    "fields": {
        "nombre": "Wilson-Scott",
        "monto": "46929.07",
        "pais": "Sweden",
        "creado_por": null,
        "equipos": [
            1,
            2
        ]
    }
},
{
    "model": "eventos_deportivos.sponsor",
    "pk": 3,
    "fields": {
        "nombre": "Harris Inc",
        "monto": "35411.40",
        "pais": "Ecuador",
        "creado_por": null,
        "equipos": [
            1,
            2
        ]
    }
},
{
    "model": "eventos_deportivos.sponsor",
    "pk": 4,
    "fields": {
        "nombre": "TakeCare",
        "monto": "999999.00",
        "pais": "Portugal",
        "creado_por": null,
        "equipos": [
            2
        ]
    }
},
{
    "model": "eventos_deportivos.sponsor",
    "pk": 5,
    "fields": {
        "nombre": "TakeCareTEAM",
        "monto": "5647447.00",
        "pais": "Bhutan",
        "creado_por": null,
        "equipos": [
            4
        ]
    }
},
{
    "model": "eventos_deportivos.premio",
    "pk": 1,
    "fields": {
        "nombre": "Expanded bifurcated instruction set",
        "monto": "15003.63",
        "torneo": 1,
        "ganador": 1
    }
},
{
    "model": "eventos_deportivos.premio",
    "pk": 2,
    "fields": {
        "nombre": "Upgradable attitude-oriented synergy",
        "monto": "20588.06",
        "torneo": 2,
        "ganador": 2
    }
},
{
    "model": "eventos_deportivos.premio",
    "pk": 3,
    "fields": {
        "nombre": "Fundamental disintermediate projection",
        "monto": "23528.03",
        "torneo": 3,
        "ganador": 2
    }
}
]
